step,G,cos,val_loss,target_rank,pred_rank,token_cos_gap,pred_std,vicreg_cov,S
2500,0.192758,0.232831,0.342631,150.332397,46.864235,0.03912,1.008498,13.678097,0.172114
5000,0.229882,0.260091,0.31361,211.813187,50.246387,0.08916,1.018964,6.843946,0.116145
7500,0.283029,0.30492,0.297553,266.266205,67.666893,0.142351,1.017146,4.607111,0.071793
10000,0.308245,0.324977,0.296324,318.621002,88.517548,0.170347,1.021822,3.746237,0.051487
12500,0.305833,0.323692,0.305718,357.956146,112.387253,0.177759,1.01827,3.188318,0.055172
15000,0.306948,0.330771,0.308225,383.037354,121.777733,0.179945,0.992728,2.872214,0.07202
17500,0.304217,0.334938,0.307516,399.975342,124.849838,0.17946,0.988544,2.803014,0.091723
20000,0.301119,0.337531,0.307419,411.214142,129.109909,0.178806,0.9945,2.790674,0.107878
22500,0.299144,0.341422,0.305119,418.643188,129.91716,0.177519,0.995352,2.78653,0.123831
25000,0.29871,0.346716,0.299045,422.684845,130.403473,0.177999,0.994373,2.784929,0.13846
27500,0.296341,0.348167,0.292413,424.867432,133.084747,0.179109,0.999203,2.776706,0.148853
30000,0.297476,0.355333,0.28076,425.683075,132.194016,0.180462,0.998724,2.836838,0.162825
32500,0.295809,0.356686,0.271694,427.943634,132.01239,0.179739,0.994711,2.819722,0.170674
35000,0.293909,0.354504,0.269364,430.622131,131.643646,0.180235,0.997181,2.838979,0.17093
37500,0.290285,0.361767,0.267251,423.503113,132.915222,0.18716,1.000035,2.870758,0.197592
40000,0.282865,0.367798,0.265717,419.228455,131.937958,0.188668,0.99788,2.880447,0.230923
